{
    "Message": "",
    "Global": {
        "NewConfirmed": 295304,
        "TotalConfirmed": 34576623,
        "NewDeaths": 4969,
        "TotalDeaths": 1027760,
        "NewRecovered": 171747,
        "TotalRecovered": 24024641
    },
    "Countries": [
        {
            "Country": "Afghanistan",
            "CountryCode": "AF",
            "Slug": "afghanistan",
            "NewConfirmed": 5,
            "TotalConfirmed": 39290,
            "NewDeaths": 0,
            "TotalDeaths": 1458,
            "NewRecovered": 0,
            "TotalRecovered": 32842,
            "Date": "2020-10-03T12:01:12Z",
            "Premium": {}
        },
        {
            "Country": "Albania",
            "CountryCode": "AL",
            "Slug": "albania",
            "NewConfirmed": 159,
            "TotalConfirmed": 13965,
            "NewDeaths": 1,
            "TotalDeaths": 389,
            "NewRecovered": 265,
            "TotalRecovered": 8342,
            "Date": "2020-10-03T12:01:12Z",
            "Premium": {}
        },
        {
            "Country": "Algeria",
            "CountryCode": "DZ",
            "Slug": "algeria",
            "NewConfirmed": 157,
            "TotalConfirmed": 51847,
            "NewDeaths": 8,
            "TotalDeaths": 1749,
            "NewRecovered": 103,
            "TotalRecovered": 36385,
            "Date": "2020-10-03T12:01:12Z",
            "Premium": {}
        },
        {
            "Country": "Andorra",
            "CountryCode": "AD",
            "Slug": "andorra",
            "NewConfirmed": 60,
            "TotalConfirmed": 2110,
            "NewDeaths": 0,
            "TotalDeaths": 53,
            "NewRecovered": 108,
            "TotalRecovered": 1540,
            "Date": "2020-10-03T12:01:12Z",
            "Premium": {}
        },
        {
            "Country": "Angola",
            "CountryCode": "AO",
            "Slug": "angola",
            "NewConfirmed": 97,
            "TotalConfirmed": 5211,
            "NewDeaths": 4,
            "TotalDeaths": 189,
            "NewRecovered": 133,
            "TotalRecovered": 2215,
            "Date": "2020-10-03T12:01:12Z",
            "Premium": {}
        },
        {
            "Country": "Antigua and Barbuda",
            "CountryCode": "AG",
            "Slug": "antigua-and-barbuda",
            "NewConfirmed": 5,
            "TotalConfirmed": 106,
            "NewDeaths": 0,
            "TotalDeaths": 3,
            "NewRecovered": 2,
            "TotalRecovered": 94,
            "Date": "2020-10-03T12:01:12Z",
            "Premium": {}
        },
        {
            "Country": "Argentina",
            "CountryCode": "AR",
            "Slug": "argentina",
            "NewConfirmed": 14687,
            "TotalConfirmed": 779689,
            "NewDeaths": 311,
            "TotalDeaths": 20599,
            "NewRecovered": 11375,
            "TotalRecovered": 614515,
            "Date": "2020-10-03T12:01:12Z",
            "Premium": {}
        },
        {
            "Country": "Armenia",
            "CountryCode": "AM",
            "Slug": "armenia",
            "NewConfirmed": 532,
            "TotalConfirmed": 51382,
            "NewDeaths": 3,
            "TotalDeaths": 966,
            "NewRecovered": 187,
            "TotalRecovered": 44406,
            "Date": "2020-10-03T12:01:12Z",
            "Premium": {}
        },
        {
            "Country": "Australia",
            "CountryCode": "AU",
            "Slug": "australia",
            "NewConfirmed": 12,
            "TotalConfirmed": 27121,
            "NewDeaths": 3,
            "TotalDeaths": 893,
            "NewRecovered": 62,
            "TotalRecovered": 24848,
            "Date": "2020-10-03T12:01:12Z",
            "Premium": {}
        },
        {
            "Country": "Austria",
            "CountryCode": "AT",
            "Slug": "austria",
            "NewConfirmed": 688,
            "TotalConfirmed": 46374,
            "NewDeaths": 1,
            "TotalDeaths": 803,
            "NewRecovered": 710,
            "TotalRecovered": 37186,
            "Date": "2020-10-03T12:01:12Z",
            "Premium": {}
        },
        {
            "Country": "Azerbaijan",
            "CountryCode": "AZ",
            "Slug": "azerbaijan",
            "NewConfirmed": 144,
            "TotalConfirmed": 40453,
            "NewDeaths": 1,
            "TotalDeaths": 594,
            "NewRecovered": 149,
            "TotalRecovered": 38217,
            "Date": "2020-10-03T12:01:12Z",
            "Premium": {}
        },
        {
            "Country": "Bahamas",
            "CountryCode": "BS",
            "Slug": "bahamas",
            "NewConfirmed": 97,
            "TotalConfirmed": 4220,
            "NewDeaths": 0,
            "TotalDeaths": 96,
            "NewRecovered": 84,
            "TotalRecovered": 2290,
            "Date": "2020-10-03T12:01:12Z",
            "Premium": {}
        },
        {
            "Country": "Bahrain",
            "CountryCode": "BH",
            "Slug": "bahrain",
            "NewConfirmed": 429,
            "TotalConfirmed": 71803,
            "NewDeaths": 1,
            "TotalDeaths": 255,
            "NewRecovered": 634,
            "TotalRecovered": 66184,
            "Date": "2020-10-03T12:01:12Z",
            "Premium": {}
        },
        {
            "Country": "Bangladesh",
            "CountryCode": "BD",
            "Slug": "bangladesh",
            "NewConfirmed": 1396,
            "TotalConfirmed": 366383,
            "NewDeaths": 33,
            "TotalDeaths": 5305,
            "NewRecovered": 1549,
            "TotalRecovered": 278627,
            "Date": "2020-10-03T12:01:12Z",
            "Premium": {}
        },
        {
            "Country": "Barbados",
            "CountryCode": "BB",
            "Slug": "barbados",
            "NewConfirmed": 0,
            "TotalConfirmed": 193,
            "NewDeaths": 0,
            "TotalDeaths": 7,
            "NewRecovered": 0,
            "TotalRecovered": 179,
            "Date": "2020-10-03T12:01:12Z",
            "Premium": {}
        },
        {
            "Country": "Belarus",
            "CountryCode": "BY",
            "Slug": "belarus",
            "NewConfirmed": 402,
            "TotalConfirmed": 79421,
            "NewDeaths": 5,
            "TotalDeaths": 844,
            "NewRecovered": 205,
            "TotalRecovered": 74982,
            "Date": "2020-10-03T12:01:12Z",
            "Premium": {}
        },
        {
            "Country": "Belgium",
            "CountryCode": "BE",
            "Slug": "belgium",
            "NewConfirmed": 3175,
            "TotalConfirmed": 124234,
            "NewDeaths": 14,
            "TotalDeaths": 10037,
            "NewRecovered": 0,
            "TotalRecovered": 19521,
            "Date": "2020-10-03T12:01:12Z",
            "Premium": {}
        },
        {
            "Country": "Belize",
            "CountryCode": "BZ",
            "Slug": "belize",
            "NewConfirmed": 88,
            "TotalConfirmed": 2080,
            "NewDeaths": 1,
            "TotalDeaths": 28,
            "NewRecovered": 44,
            "TotalRecovered": 1290,
            "Date": "2020-10-03T12:01:12Z",
            "Premium": {}
        },
        {
            "Country": "Benin",
            "CountryCode": "BJ",
            "Slug": "benin",
            "NewConfirmed": 0,
            "TotalConfirmed": 2357,
            "NewDeaths": 0,
            "TotalDeaths": 41,
            "NewRecovered": 0,
            "TotalRecovered": 1973,
            "Date": "2020-10-03T12:01:12Z",
            "Premium": {}
        },
        {
            "Country": "Bhutan",
            "CountryCode": "BT",
            "Slug": "bhutan",
            "NewConfirmed": 1,
            "TotalConfirmed": 283,
            "NewDeaths": 0,
            "TotalDeaths": 0,
            "NewRecovered": 4,
            "TotalRecovered": 229,
            "Date": "2020-10-03T12:01:12Z",
            "Premium": {}
        },
        {
            "Country": "Bolivia",
            "CountryCode": "BO",
            "Slug": "bolivia",
            "NewConfirmed": 503,
            "TotalConfirmed": 136219,
            "NewDeaths": 44,
            "TotalDeaths": 8045,
            "NewRecovered": 489,
            "TotalRecovered": 96654,
            "Date": "2020-10-03T12:01:12Z",
            "Premium": {}
        },
        {
            "Country": "Bosnia and Herzegovina",
            "CountryCode": "BA",
            "Slug": "bosnia-and-herzegovina",
            "NewConfirmed": 226,
            "TotalConfirmed": 27975,
            "NewDeaths": 10,
            "TotalDeaths": 871,
            "NewRecovered": 161,
            "TotalRecovered": 21108,
            "Date": "2020-10-03T12:01:12Z",
            "Premium": {}
        },
        {
            "Country": "Botswana",
            "CountryCode": "BW",
            "Slug": "botswana",
            "NewConfirmed": 0,
            "TotalConfirmed": 3172,
            "NewDeaths": 0,
            "TotalDeaths": 16,
            "NewRecovered": 0,
            "TotalRecovered": 710,
            "Date": "2020-10-03T12:01:12Z",
            "Premium": {}
        },
        {
            "Country": "Brazil",
            "CountryCode": "BR",
            "Slug": "brazil",
            "NewConfirmed": 0,
            "TotalConfirmed": 4847092,
            "NewDeaths": 0,
            "TotalDeaths": 144680,
            "NewRecovered": 0,
            "TotalRecovered": 4299659,
            "Date": "2020-10-03T12:01:12Z",
            "Premium": {}
        },
        {
            "Country": "Brunei Darussalam",
            "CountryCode": "BN",
            "Slug": "brunei",
            "NewConfirmed": 0,
            "TotalConfirmed": 146,
            "NewDeaths": 0,
            "TotalDeaths": 3,
            "NewRecovered": 0,
            "TotalRecovered": 142,
            "Date": "2020-10-03T12:01:12Z",
            "Premium": {}
        },
        {
            "Country": "Bulgaria",
            "CountryCode": "BG",
            "Slug": "bulgaria",
            "NewConfirmed": 503,
            "TotalConfirmed": 21336,
            "NewDeaths": 13,
            "TotalDeaths": 838,
            "NewRecovered": 305,
            "TotalRecovered": 14939,
            "Date": "2020-10-03T12:01:12Z",
            "Premium": {}
        },
        {
            "Country": "Burkina Faso",
            "CountryCode": "BF",
            "Slug": "burkina-faso",
            "NewConfirmed": 35,
            "TotalConfirmed": 2123,
            "NewDeaths": 1,
            "TotalDeaths": 59,
            "NewRecovered": 22,
            "TotalRecovered": 1385,
            "Date": "2020-10-03T12:01:12Z",
            "Premium": {}
        },
        {
            "Country": "Burundi",
            "CountryCode": "BI",
            "Slug": "burundi",
            "NewConfirmed": 3,
            "TotalConfirmed": 513,
            "NewDeaths": 0,
            "TotalDeaths": 1,
            "NewRecovered": 0,
            "TotalRecovered": 472,
            "Date": "2020-10-03T12:01:12Z",
            "Premium": {}
        },
        {
            "Country": "Cambodia",
            "CountryCode": "KH",
            "Slug": "cambodia",
            "NewConfirmed": 0,
            "TotalConfirmed": 278,
            "NewDeaths": 0,
            "TotalDeaths": 0,
            "NewRecovered": 0,
            "TotalRecovered": 275,
            "Date": "2020-10-03T12:01:12Z",
            "Premium": {}
        },
        {
            "Country": "Cameroon",
            "CountryCode": "CM",
            "Slug": "cameroon",
            "NewConfirmed": 86,
            "TotalConfirmed": 20924,
            "NewDeaths": 2,
            "TotalDeaths": 420,
            "NewRecovered": 324,
            "TotalRecovered": 19764,
            "Date": "2020-10-03T12:01:12Z",
            "Premium": {}
        },
        {
            "Country": "Canada",
            "CountryCode": "CA",
            "Slug": "canada",
            "NewConfirmed": 2124,
            "TotalConfirmed": 165041,
            "NewDeaths": 98,
            "TotalDeaths": 9465,
            "NewRecovered": 1269,
            "TotalRecovered": 139817,
            "Date": "2020-10-03T12:01:12Z",
            "Premium": {}
        },
        {
            "Country": "Cape Verde",
            "CountryCode": "CV",
            "Slug": "cape-verde",
            "NewConfirmed": 79,
            "TotalConfirmed": 6205,
            "NewDeaths": 1,
            "TotalDeaths": 62,
            "NewRecovered": 61,
            "TotalRecovered": 5399,
            "Date": "2020-10-03T12:01:12Z",
            "Premium": {}
        },
        {
            "Country": "Central African Republic",
            "CountryCode": "CF",
            "Slug": "central-african-republic",
            "NewConfirmed": 0,
            "TotalConfirmed": 4829,
            "NewDeaths": 0,
            "TotalDeaths": 62,
            "NewRecovered": 0,
            "TotalRecovered": 1914,
            "Date": "2020-10-03T12:01:12Z",
            "Premium": {}
        },
        {
            "Country": "Chad",
            "CountryCode": "TD",
            "Slug": "chad",
            "NewConfirmed": 8,
            "TotalConfirmed": 1211,
            "NewDeaths": 0,
            "TotalDeaths": 85,
            "NewRecovered": 3,
            "TotalRecovered": 1070,
            "Date": "2020-10-03T12:01:12Z",
            "Premium": {}
        },
        {
            "Country": "Chile",
            "CountryCode": "CL",
            "Slug": "chile",
            "NewConfirmed": 1840,
            "TotalConfirmed": 466590,
            "NewDeaths": 45,
            "TotalDeaths": 12867,
            "NewRecovered": 1459,
            "TotalRecovered": 439607,
            "Date": "2020-10-03T12:01:12Z",
            "Premium": {}
        },
        {
            "Country": "China",
            "CountryCode": "CN",
            "Slug": "china",
            "NewConfirmed": 17,
            "TotalConfirmed": 90584,
            "NewDeaths": 0,
            "TotalDeaths": 4739,
            "NewRecovered": 15,
            "TotalRecovered": 85494,
            "Date": "2020-10-03T12:01:12Z",
            "Premium": {}
        },
        {
            "Country": "Colombia",
            "CountryCode": "CO",
            "Slug": "colombia",
            "NewConfirmed": 6193,
            "TotalConfirmed": 841532,
            "NewDeaths": 201,
            "TotalDeaths": 26397,
            "NewRecovered": 2262,
            "TotalRecovered": 753953,
            "Date": "2020-10-03T12:01:12Z",
            "Premium": {}
        },
        {
            "Country": "Comoros",
            "CountryCode": "KM",
            "Slug": "comoros",
            "NewConfirmed": 0,
            "TotalConfirmed": 484,
            "NewDeaths": 0,
            "TotalDeaths": 7,
            "NewRecovered": 0,
            "TotalRecovered": 466,
            "Date": "2020-10-03T12:01:12Z",
            "Premium": {}
        },
        {
            "Country": "Congo (Brazzaville)",
            "CountryCode": "CG",
            "Slug": "congo-brazzaville",
            "NewConfirmed": 0,
            "TotalConfirmed": 5089,
            "NewDeaths": 0,
            "TotalDeaths": 89,
            "NewRecovered": 0,
            "TotalRecovered": 3887,
            "Date": "2020-10-03T12:01:12Z",
            "Premium": {}
        },
        {
            "Country": "Congo (Kinshasa)",
            "CountryCode": "CD",
            "Slug": "congo-kinshasa",
            "NewConfirmed": 44,
            "TotalConfirmed": 10729,
            "NewDeaths": 0,
            "TotalDeaths": 272,
            "NewRecovered": 18,
            "TotalRecovered": 10183,
            "Date": "2020-10-03T12:01:12Z",
            "Premium": {}
        },
        {
            "Country": "Costa Rica",
            "CountryCode": "CR",
            "Slug": "costa-rica",
            "NewConfirmed": 1001,
            "TotalConfirmed": 77829,
            "NewDeaths": 13,
            "TotalDeaths": 930,
            "NewRecovered": 2778,
            "TotalRecovered": 42621,
            "Date": "2020-10-03T12:01:12Z",
            "Premium": {}
        },
        {
            "Country": "Croatia",
            "CountryCode": "HR",
            "Slug": "croatia",
            "NewConfirmed": 333,
            "TotalConfirmed": 17160,
            "NewDeaths": 7,
            "TotalDeaths": 291,
            "NewRecovered": 205,
            "TotalRecovered": 15423,
            "Date": "2020-10-03T12:01:12Z",
            "Premium": {}
        },
        {
            "Country": "Cuba",
            "CountryCode": "CU",
            "Slug": "cuba",
            "NewConfirmed": 48,
            "TotalConfirmed": 5718,
            "NewDeaths": 0,
            "TotalDeaths": 122,
            "NewRecovered": 0,
            "TotalRecovered": 4922,
            "Date": "2020-10-03T12:01:12Z",
            "Premium": {}
        },
        {
            "Country": "Cyprus",
            "CountryCode": "CY",
            "Slug": "cyprus",
            "NewConfirmed": 17,
            "TotalConfirmed": 1789,
            "NewDeaths": 0,
            "TotalDeaths": 22,
            "NewRecovered": 0,
            "TotalRecovered": 1369,
            "Date": "2020-10-03T12:01:12Z",
            "Premium": {}
        },
        {
            "Country": "Czech Republic",
            "CountryCode": "CZ",
            "Slug": "czech-republic",
            "NewConfirmed": 3796,
            "TotalConfirmed": 78051,
            "NewDeaths": 21,
            "TotalDeaths": 699,
            "NewRecovered": 846,
            "TotalRecovered": 35032,
            "Date": "2020-10-03T12:01:12Z",
            "Premium": {}
        },
        {
            "Country": "Côte d'Ivoire",
            "CountryCode": "CI",
            "Slug": "cote-divoire",
            "NewConfirmed": 38,
            "TotalConfirmed": 19793,
            "NewDeaths": 0,
            "TotalDeaths": 120,
            "NewRecovered": 37,
            "TotalRecovered": 19357,
            "Date": "2020-10-03T12:01:12Z",
            "Premium": {}
        },
        {
            "Country": "Denmark",
            "CountryCode": "DK",
            "Slug": "denmark",
            "NewConfirmed": 536,
            "TotalConfirmed": 29418,
            "NewDeaths": 1,
            "TotalDeaths": 652,
            "NewRecovered": 518,
            "TotalRecovered": 22270,
            "Date": "2020-10-03T12:01:12Z",
            "Premium": {}
        },
        {
            "Country": "Djibouti",
            "CountryCode": "DJ",
            "Slug": "djibouti",
            "NewConfirmed": 0,
            "TotalConfirmed": 5417,
            "NewDeaths": 0,
            "TotalDeaths": 61,
            "NewRecovered": 0,
            "TotalRecovered": 5346,
            "Date": "2020-10-03T12:01:12Z",
            "Premium": {}
        },
        {
            "Country": "Dominica",
            "CountryCode": "DM",
            "Slug": "dominica",
            "NewConfirmed": 0,
            "TotalConfirmed": 31,
            "NewDeaths": 0,
            "TotalDeaths": 0,
            "NewRecovered": 0,
            "TotalRecovered": 24,
            "Date": "2020-10-03T12:01:12Z",
            "Premium": {}
        },
        {
            "Country": "Dominican Republic",
            "CountryCode": "DO",
            "Slug": "dominican-republic",
            "NewConfirmed": 622,
            "TotalConfirmed": 113350,
            "NewDeaths": 9,
            "TotalDeaths": 2117,
            "NewRecovered": 635,
            "TotalRecovered": 88840,
            "Date": "2020-10-03T12:01:12Z",
            "Premium": {}
        },
        {
            "Country": "Ecuador",
            "CountryCode": "EC",
            "Slug": "ecuador",
            "NewConfirmed": 950,
            "TotalConfirmed": 139534,
            "NewDeaths": 62,
            "TotalDeaths": 11495,
            "NewRecovered": 0,
            "TotalRecovered": 112296,
            "Date": "2020-10-03T12:01:12Z",
            "Premium": {}
        },
        {
            "Country": "Egypt",
            "CountryCode": "EG",
            "Slug": "egypt",
            "NewConfirmed": 149,
            "TotalConfirmed": 103466,
            "NewDeaths": 10,
            "TotalDeaths": 5956,
            "NewRecovered": 288,
            "TotalRecovered": 97143,
            "Date": "2020-10-03T12:01:12Z",
            "Premium": {}
        },
        {
            "Country": "El Salvador",
            "CountryCode": "SV",
            "Slug": "el-salvador",
            "NewConfirmed": 0,
            "TotalConfirmed": 29175,
            "NewDeaths": 5,
            "TotalDeaths": 853,
            "NewRecovered": 0,
            "TotalRecovered": 23930,
            "Date": "2020-10-03T12:01:12Z",
            "Premium": {}
        },
        {
            "Country": "Equatorial Guinea",
            "CountryCode": "GQ",
            "Slug": "equatorial-guinea",
            "NewConfirmed": 0,
            "TotalConfirmed": 5045,
            "NewDeaths": 0,
            "TotalDeaths": 83,
            "NewRecovered": 0,
            "TotalRecovered": 4879,
            "Date": "2020-10-03T12:01:12Z",
            "Premium": {}
        },
        {
            "Country": "Eritrea",
            "CountryCode": "ER",
            "Slug": "eritrea",
            "NewConfirmed": 0,
            "TotalConfirmed": 381,
            "NewDeaths": 0,
            "TotalDeaths": 0,
            "NewRecovered": 0,
            "TotalRecovered": 353,
            "Date": "2020-10-03T12:01:12Z",
            "Premium": {}
        },
        {
            "Country": "Estonia",
            "CountryCode": "EE",
            "Slug": "estonia",
            "NewConfirmed": 57,
            "TotalConfirmed": 3507,
            "NewDeaths": 1,
            "TotalDeaths": 66,
            "NewRecovered": 32,
            "TotalRecovered": 2675,
            "Date": "2020-10-03T12:01:12Z",
            "Premium": {}
        },
        {
            "Country": "Ethiopia",
            "CountryCode": "ET",
            "Slug": "ethiopia",
            "NewConfirmed": 890,
            "TotalConfirmed": 76988,
            "NewDeaths": 3,
            "TotalDeaths": 1208,
            "NewRecovered": 247,
            "TotalRecovered": 31677,
            "Date": "2020-10-03T12:01:12Z",
            "Premium": {}
        },
        {
            "Country": "Fiji",
            "CountryCode": "FJ",
            "Slug": "fiji",
            "NewConfirmed": 0,
            "TotalConfirmed": 32,
            "NewDeaths": 0,
            "TotalDeaths": 2,
            "NewRecovered": 0,
            "TotalRecovered": 28,
            "Date": "2020-10-03T12:01:12Z",
            "Premium": {}
        },
        {
            "Country": "Finland",
            "CountryCode": "FI",
            "Slug": "finland",
            "NewConfirmed": 141,
            "TotalConfirmed": 10244,
            "NewDeaths": 1,
            "TotalDeaths": 345,
            "NewRecovered": 0,
            "TotalRecovered": 8100,
            "Date": "2020-10-03T12:01:12Z",
            "Premium": {}
        },
        {
            "Country": "France",
            "CountryCode": "FR",
            "Slug": "france",
            "NewConfirmed": 12445,
            "TotalConfirmed": 629431,
            "NewDeaths": 137,
            "TotalDeaths": 32171,
            "NewRecovered": 1099,
            "TotalRecovered": 100253,
            "Date": "2020-10-03T12:01:12Z",
            "Premium": {}
        },
        {
            "Country": "Gabon",
            "CountryCode": "GA",
            "Slug": "gabon",
            "NewConfirmed": 31,
            "TotalConfirmed": 8797,
            "NewDeaths": 0,
            "TotalDeaths": 54,
            "NewRecovered": 62,
            "TotalRecovered": 8067,
            "Date": "2020-10-03T12:01:12Z",
            "Premium": {}
        },
        {
            "Country": "Gambia",
            "CountryCode": "GM",
            "Slug": "gambia",
            "NewConfirmed": 1,
            "TotalConfirmed": 3585,
            "NewDeaths": 2,
            "TotalDeaths": 115,
            "NewRecovered": 8,
            "TotalRecovered": 2224,
            "Date": "2020-10-03T12:01:12Z",
            "Premium": {}
        },
        {
            "Country": "Georgia",
            "CountryCode": "GE",
            "Slug": "georgia",
            "NewConfirmed": 453,
            "TotalConfirmed": 7093,
            "NewDeaths": 5,
            "TotalDeaths": 46,
            "NewRecovered": 295,
            "TotalRecovered": 3714,
            "Date": "2020-10-03T12:01:12Z",
            "Premium": {}
        },
        {
            "Country": "Germany",
            "CountryCode": "DE",
            "Slug": "germany",
            "NewConfirmed": 2835,
            "TotalConfirmed": 298374,
            "NewDeaths": 9,
            "TotalDeaths": 9518,
            "NewRecovered": 1502,
            "TotalRecovered": 259722,
            "Date": "2020-10-03T12:01:12Z",
            "Premium": {}
        },
        {
            "Country": "Ghana",
            "CountryCode": "GH",
            "Slug": "ghana",
            "NewConfirmed": 38,
            "TotalConfirmed": 46694,
            "NewDeaths": 0,
            "TotalDeaths": 301,
            "NewRecovered": 3,
            "TotalRecovered": 45945,
            "Date": "2020-10-03T12:01:12Z",
            "Premium": {}
        },
        {
            "Country": "Greece",
            "CountryCode": "GR",
            "Slug": "greece",
            "NewConfirmed": 460,
            "TotalConfirmed": 19346,
            "NewDeaths": 5,
            "TotalDeaths": 398,
            "NewRecovered": 0,
            "TotalRecovered": 1347,
            "Date": "2020-10-03T12:01:12Z",
            "Premium": {}
        },
        {
            "Country": "Grenada",
            "CountryCode": "GD",
            "Slug": "grenada",
            "NewConfirmed": 0,
            "TotalConfirmed": 24,
            "NewDeaths": 0,
            "TotalDeaths": 0,
            "NewRecovered": 0,
            "TotalRecovered": 24,
            "Date": "2020-10-03T12:01:12Z",
            "Premium": {}
        },
        {
            "Country": "Guatemala",
            "CountryCode": "GT",
            "Slug": "guatemala",
            "NewConfirmed": 681,
            "TotalConfirmed": 93090,
            "NewDeaths": 6,
            "TotalDeaths": 3267,
            "NewRecovered": 666,
            "TotalRecovered": 81466,
            "Date": "2020-10-03T12:01:12Z",
            "Premium": {}
        },
        {
            "Country": "Guinea",
            "CountryCode": "GN",
            "Slug": "guinea",
            "NewConfirmed": 83,
            "TotalConfirmed": 10735,
            "NewDeaths": 0,
            "TotalDeaths": 66,
            "NewRecovered": 70,
            "TotalRecovered": 10066,
            "Date": "2020-10-03T12:01:12Z",
            "Premium": {}
        },
        {
            "Country": "Guinea-Bissau",
            "CountryCode": "GW",
            "Slug": "guinea-bissau",
            "NewConfirmed": 38,
            "TotalConfirmed": 2362,
            "NewDeaths": 0,
            "TotalDeaths": 39,
            "NewRecovered": 0,
            "TotalRecovered": 1549,
            "Date": "2020-10-03T12:01:12Z",
            "Premium": {}
        },
        {
            "Country": "Guyana",
            "CountryCode": "GY",
            "Slug": "guyana",
            "NewConfirmed": 39,
            "TotalConfirmed": 2968,
            "NewDeaths": 3,
            "TotalDeaths": 85,
            "NewRecovered": 16,
            "TotalRecovered": 1776,
            "Date": "2020-10-03T12:01:12Z",
            "Premium": {}
        },
        {
            "Country": "Haiti",
            "CountryCode": "HT",
            "Slug": "haiti",
            "NewConfirmed": 11,
            "TotalConfirmed": 8792,
            "NewDeaths": 0,
            "TotalDeaths": 229,
            "NewRecovered": 42,
            "TotalRecovered": 6949,
            "Date": "2020-10-03T12:01:12Z",
            "Premium": {}
        },
        {
            "Country": "Holy See (Vatican City State)",
            "CountryCode": "VA",
            "Slug": "holy-see-vatican-city-state",
            "NewConfirmed": 0,
            "TotalConfirmed": 12,
            "NewDeaths": 0,
            "TotalDeaths": 0,
            "NewRecovered": 0,
            "TotalRecovered": 12,
            "Date": "2020-10-03T12:01:12Z",
            "Premium": {}
        },
        {
            "Country": "Honduras",
            "CountryCode": "HN",
            "Slug": "honduras",
            "NewConfirmed": 671,
            "TotalConfirmed": 78269,
            "NewDeaths": 6,
            "TotalDeaths": 2386,
            "NewRecovered": 461,
            "TotalRecovered": 28978,
            "Date": "2020-10-03T12:01:12Z",
            "Premium": {}
        },
        {
            "Country": "Hungary",
            "CountryCode": "HU",
            "Slug": "hungary",
            "NewConfirmed": 1322,
            "TotalConfirmed": 28631,
            "NewDeaths": 17,
            "TotalDeaths": 798,
            "NewRecovered": 231,
            "TotalRecovered": 6349,
            "Date": "2020-10-03T12:01:12Z",
            "Premium": {}
        },
        {
            "Country": "Iceland",
            "CountryCode": "IS",
            "Slug": "iceland",
            "NewConfirmed": 40,
            "TotalConfirmed": 2809,
            "NewDeaths": 0,
            "TotalDeaths": 10,
            "NewRecovered": 17,
            "TotalRecovered": 2194,
            "Date": "2020-10-03T12:01:12Z",
            "Premium": {}
        },
        {
            "Country": "India",
            "CountryCode": "IN",
            "Slug": "india",
            "NewConfirmed": 79476,
            "TotalConfirmed": 6473544,
            "NewDeaths": 1069,
            "TotalDeaths": 100842,
            "NewRecovered": 75628,
            "TotalRecovered": 5427706,
            "Date": "2020-10-03T12:01:12Z",
            "Premium": {}
        },
        {
            "Country": "Indonesia",
            "CountryCode": "ID",
            "Slug": "indonesia",
            "NewConfirmed": 4317,
            "TotalConfirmed": 295499,
            "NewDeaths": 116,
            "TotalDeaths": 10972,
            "NewRecovered": 2853,
            "TotalRecovered": 221340,
            "Date": "2020-10-03T12:01:12Z",
            "Premium": {}
        },
        {
            "Country": "Iran, Islamic Republic of",
            "CountryCode": "IR",
            "Slug": "iran",
            "NewConfirmed": 3552,
            "TotalConfirmed": 464596,
            "NewDeaths": 187,
            "TotalDeaths": 26567,
            "NewRecovered": 1896,
            "TotalRecovered": 385264,
            "Date": "2020-10-03T12:01:12Z",
            "Premium": {}
        },
        {
            "Country": "Iraq",
            "CountryCode": "IQ",
            "Slug": "iraq",
            "NewConfirmed": 4785,
            "TotalConfirmed": 372259,
            "NewDeaths": 67,
            "TotalDeaths": 9298,
            "NewRecovered": 3922,
            "TotalRecovered": 299804,
            "Date": "2020-10-03T12:01:12Z",
            "Premium": {}
        },
        {
            "Country": "Ireland",
            "CountryCode": "IE",
            "Slug": "ireland",
            "NewConfirmed": 466,
            "TotalConfirmed": 37063,
            "NewDeaths": 0,
            "TotalDeaths": 1806,
            "NewRecovered": 0,
            "TotalRecovered": 23364,
            "Date": "2020-10-03T12:01:12Z",
            "Premium": {}
        },
        {
            "Country": "Israel",
            "CountryCode": "IL",
            "Slug": "israel",
            "NewConfirmed": 5430,
            "TotalConfirmed": 258920,
            "NewDeaths": 11,
            "TotalDeaths": 1633,
            "NewRecovered": 5654,
            "TotalRecovered": 185122,
            "Date": "2020-10-03T12:01:12Z",
            "Premium": {}
        },
        {
            "Country": "Italy",
            "CountryCode": "IT",
            "Slug": "italy",
            "NewConfirmed": 2499,
            "TotalConfirmed": 319908,
            "NewDeaths": 23,
            "TotalDeaths": 35941,
            "NewRecovered": 1126,
            "TotalRecovered": 229970,
            "Date": "2020-10-03T12:01:12Z",
            "Premium": {}
        },
        {
            "Country": "Jamaica",
            "CountryCode": "JM",
            "Slug": "jamaica",
            "NewConfirmed": 149,
            "TotalConfirmed": 6704,
            "NewDeaths": 5,
            "TotalDeaths": 116,
            "NewRecovered": 121,
            "TotalRecovered": 2112,
            "Date": "2020-10-03T12:01:12Z",
            "Premium": {}
        },
        {
            "Country": "Japan",
            "CountryCode": "JP",
            "Slug": "japan",
            "NewConfirmed": 524,
            "TotalConfirmed": 84768,
            "NewDeaths": 11,
            "TotalDeaths": 1591,
            "NewRecovered": 619,
            "TotalRecovered": 76700,
            "Date": "2020-10-03T12:01:12Z",
            "Premium": {}
        },
        {
            "Country": "Jordan",
            "CountryCode": "JO",
            "Slug": "jordan",
            "NewConfirmed": 549,
            "TotalConfirmed": 13650,
            "NewDeaths": 10,
            "TotalDeaths": 79,
            "NewRecovered": 177,
            "TotalRecovered": 4929,
            "Date": "2020-10-03T12:01:12Z",
            "Premium": {}
        },
        {
            "Country": "Kazakhstan",
            "CountryCode": "KZ",
            "Slug": "kazakhstan",
            "NewConfirmed": 62,
            "TotalConfirmed": 108106,
            "NewDeaths": 0,
            "TotalDeaths": 1725,
            "NewRecovered": 82,
            "TotalRecovered": 103110,
            "Date": "2020-10-03T12:01:12Z",
            "Premium": {}
        },
        {
            "Country": "Kenya",
            "CountryCode": "KE",
            "Slug": "kenya",
            "NewConfirmed": 210,
            "TotalConfirmed": 38923,
            "NewDeaths": 14,
            "TotalDeaths": 725,
            "NewRecovered": 206,
            "TotalRecovered": 25114,
            "Date": "2020-10-03T12:01:12Z",
            "Premium": {}
        },
        {
            "Country": "Korea (South)",
            "CountryCode": "KR",
            "Slug": "korea-south",
            "NewConfirmed": 75,
            "TotalConfirmed": 24027,
            "NewDeaths": 4,
            "TotalDeaths": 420,
            "NewRecovered": 54,
            "TotalRecovered": 21787,
            "Date": "2020-10-03T12:01:12Z",
            "Premium": {}
        },
        {
            "Country": "Kuwait",
            "CountryCode": "KW",
            "Slug": "kuwait",
            "NewConfirmed": 411,
            "TotalConfirmed": 106087,
            "NewDeaths": 3,
            "TotalDeaths": 615,
            "NewRecovered": 701,
            "TotalRecovered": 97898,
            "Date": "2020-10-03T12:01:12Z",
            "Premium": {}
        },
        {
            "Country": "Kyrgyzstan",
            "CountryCode": "KG",
            "Slug": "kyrgyzstan",
            "NewConfirmed": 215,
            "TotalConfirmed": 47056,
            "NewDeaths": 0,
            "TotalDeaths": 1065,
            "NewRecovered": 154,
            "TotalRecovered": 43137,
            "Date": "2020-10-03T12:01:12Z",
            "Premium": {}
        },
        {
            "Country": "Lao PDR",
            "CountryCode": "LA",
            "Slug": "lao-pdr",
            "NewConfirmed": 0,
            "TotalConfirmed": 23,
            "NewDeaths": 0,
            "TotalDeaths": 0,
            "NewRecovered": 0,
            "TotalRecovered": 22,
            "Date": "2020-10-03T12:01:12Z",
            "Premium": {}
        },
        {
            "Country": "Latvia",
            "CountryCode": "LV",
            "Slug": "latvia",
            "NewConfirmed": 77,
            "TotalConfirmed": 1945,
            "NewDeaths": 1,
            "TotalDeaths": 38,
            "NewRecovered": 0,
            "TotalRecovered": 1307,
            "Date": "2020-10-03T12:01:12Z",
            "Premium": {}
        },
        {
            "Country": "Lebanon",
            "CountryCode": "LB",
            "Slug": "lebanon",
            "NewConfirmed": 1291,
            "TotalConfirmed": 42173,
            "NewDeaths": 12,
            "TotalDeaths": 386,
            "NewRecovered": 636,
            "TotalRecovered": 18739,
            "Date": "2020-10-03T12:01:12Z",
            "Premium": {}
        },
        {
            "Country": "Lesotho",
            "CountryCode": "LS",
            "Slug": "lesotho",
            "NewConfirmed": 41,
            "TotalConfirmed": 1680,
            "NewDeaths": 1,
            "TotalDeaths": 39,
            "NewRecovered": 52,
            "TotalRecovered": 926,
            "Date": "2020-10-03T12:01:12Z",
            "Premium": {}
        },
        {
            "Country": "Liberia",
            "CountryCode": "LR",
            "Slug": "liberia",
            "NewConfirmed": 3,
            "TotalConfirmed": 1346,
            "NewDeaths": 0,
            "TotalDeaths": 82,
            "NewRecovered": 0,
            "TotalRecovered": 1221,
            "Date": "2020-10-03T12:01:12Z",
            "Premium": {}
        },
        {
            "Country": "Libya",
            "CountryCode": "LY",
            "Slug": "libya",
            "NewConfirmed": 509,
            "TotalConfirmed": 35717,
            "NewDeaths": 11,
            "TotalDeaths": 570,
            "NewRecovered": 440,
            "TotalRecovered": 20334,
            "Date": "2020-10-03T12:01:12Z",
            "Premium": {}
        },
        {
            "Country": "Liechtenstein",
            "CountryCode": "LI",
            "Slug": "liechtenstein",
            "NewConfirmed": 1,
            "TotalConfirmed": 120,
            "NewDeaths": 0,
            "TotalDeaths": 1,
            "NewRecovered": 2,
            "TotalRecovered": 116,
            "Date": "2020-10-03T12:01:12Z",
            "Premium": {}
        },
        {
            "Country": "Lithuania",
            "CountryCode": "LT",
            "Slug": "lithuania",
            "NewConfirmed": 172,
            "TotalConfirmed": 4956,
            "NewDeaths": 1,
            "TotalDeaths": 93,
            "NewRecovered": 42,
            "TotalRecovered": 2466,
            "Date": "2020-10-03T12:01:12Z",
            "Premium": {}
        },
        {
            "Country": "Luxembourg",
            "CountryCode": "LU",
            "Slug": "luxembourg",
            "NewConfirmed": 114,
            "TotalConfirmed": 8709,
            "NewDeaths": 0,
            "TotalDeaths": 125,
            "NewRecovered": 148,
            "TotalRecovered": 7428,
            "Date": "2020-10-03T12:01:12Z",
            "Premium": {}
        },
        {
            "Country": "Macao, SAR China",
            "CountryCode": "MO",
            "Slug": "macao-sar-china",
            "NewConfirmed": 0,
            "TotalConfirmed": 0,
            "NewDeaths": 0,
            "TotalDeaths": 0,
            "NewRecovered": 0,
            "TotalRecovered": 0,
            "Date": "2020-10-03T12:01:12Z",
            "Premium": {}
        },
        {
            "Country": "Macedonia, Republic of",
            "CountryCode": "MK",
            "Slug": "macedonia",
            "NewConfirmed": 225,
            "TotalConfirmed": 18363,
            "NewDeaths": 6,
            "TotalDeaths": 749,
            "NewRecovered": 96,
            "TotalRecovered": 15164,
            "Date": "2020-10-03T12:01:12Z",
            "Premium": {}
        },
        {
            "Country": "Madagascar",
            "CountryCode": "MG",
            "Slug": "madagascar",
            "NewConfirmed": 39,
            "TotalConfirmed": 16493,
            "NewDeaths": 0,
            "TotalDeaths": 232,
            "NewRecovered": 37,
            "TotalRecovered": 15467,
            "Date": "2020-10-03T12:01:12Z",
            "Premium": {}
        },
        {
            "Country": "Malawi",
            "CountryCode": "MW",
            "Slug": "malawi",
            "NewConfirmed": 4,
            "TotalConfirmed": 5783,
            "NewDeaths": 0,
            "TotalDeaths": 179,
            "NewRecovered": 21,
            "TotalRecovered": 4535,
            "Date": "2020-10-03T12:01:12Z",
            "Premium": {}
        },
        {
            "Country": "Malaysia",
            "CountryCode": "MY",
            "Slug": "malaysia",
            "NewConfirmed": 287,
            "TotalConfirmed": 11771,
            "NewDeaths": 0,
            "TotalDeaths": 136,
            "NewRecovered": 81,
            "TotalRecovered": 10095,
            "Date": "2020-10-03T12:01:12Z",
            "Premium": {}
        },
        {
            "Country": "Maldives",
            "CountryCode": "MV",
            "Slug": "maldives",
            "NewConfirmed": 44,
            "TotalConfirmed": 10398,
            "NewDeaths": 0,
            "TotalDeaths": 34,
            "NewRecovered": 26,
            "TotalRecovered": 9213,
            "Date": "2020-10-03T12:01:12Z",
            "Premium": {}
        },
        {
            "Country": "Mali",
            "CountryCode": "ML",
            "Slug": "mali",
            "NewConfirmed": 25,
            "TotalConfirmed": 3156,
            "NewDeaths": 0,
            "TotalDeaths": 131,
            "NewRecovered": 7,
            "TotalRecovered": 2467,
            "Date": "2020-10-03T12:01:12Z",
            "Premium": {}
        },
        {
            "Country": "Malta",
            "CountryCode": "MT",
            "Slug": "malta",
            "NewConfirmed": 44,
            "TotalConfirmed": 3139,
            "NewDeaths": 2,
            "TotalDeaths": 37,
            "NewRecovered": 63,
            "TotalRecovered": 2668,
            "Date": "2020-10-03T12:01:12Z",
            "Premium": {}
        },
        {
            "Country": "Mauritania",
            "CountryCode": "MR",
            "Slug": "mauritania",
            "NewConfirmed": 6,
            "TotalConfirmed": 7511,
            "NewDeaths": 1,
            "TotalDeaths": 162,
            "NewRecovered": 25,
            "TotalRecovered": 7163,
            "Date": "2020-10-03T12:01:12Z",
            "Premium": {}
        },
        {
            "Country": "Mauritius",
            "CountryCode": "MU",
            "Slug": "mauritius",
            "NewConfirmed": 4,
            "TotalConfirmed": 385,
            "NewDeaths": 0,
            "TotalDeaths": 10,
            "NewRecovered": 0,
            "TotalRecovered": 344,
            "Date": "2020-10-03T12:01:12Z",
            "Premium": {}
        },
        {
            "Country": "Mexico",
            "CountryCode": "MX",
            "Slug": "mexico",
            "NewConfirmed": 4775,
            "TotalConfirmed": 753090,
            "NewDeaths": 414,
            "TotalDeaths": 78492,
            "NewRecovered": 4176,
            "TotalRecovered": 633806,
            "Date": "2020-10-03T12:01:12Z",
            "Premium": {}
        },
        {
            "Country": "Moldova",
            "CountryCode": "MD",
            "Slug": "moldova",
            "NewConfirmed": 952,
            "TotalConfirmed": 55016,
            "NewDeaths": 8,
            "TotalDeaths": 1344,
            "NewRecovered": 503,
            "TotalRecovered": 40002,
            "Date": "2020-10-03T12:01:12Z",
            "Premium": {}
        },
        {
            "Country": "Monaco",
            "CountryCode": "MC",
            "Slug": "monaco",
            "NewConfirmed": 2,
            "TotalConfirmed": 221,
            "NewDeaths": 0,
            "TotalDeaths": 2,
            "NewRecovered": 1,
            "TotalRecovered": 188,
            "Date": "2020-10-03T12:01:12Z",
            "Premium": {}
        },
        {
            "Country": "Mongolia",
            "CountryCode": "MN",
            "Slug": "mongolia",
            "NewConfirmed": 0,
            "TotalConfirmed": 313,
            "NewDeaths": 0,
            "TotalDeaths": 0,
            "NewRecovered": 0,
            "TotalRecovered": 307,
            "Date": "2020-10-03T12:01:12Z",
            "Premium": {}
        },
        {
            "Country": "Montenegro",
            "CountryCode": "ME",
            "Slug": "montenegro",
            "NewConfirmed": 703,
            "TotalConfirmed": 11690,
            "NewDeaths": 2,
            "TotalDeaths": 172,
            "NewRecovered": 221,
            "TotalRecovered": 7618,
            "Date": "2020-10-03T12:01:12Z",
            "Premium": {}
        },
        {
            "Country": "Morocco",
            "CountryCode": "MA",
            "Slug": "morocco",
            "NewConfirmed": 2521,
            "TotalConfirmed": 128565,
            "NewDeaths": 34,
            "TotalDeaths": 2263,
            "NewRecovered": 1908,
            "TotalRecovered": 106044,
            "Date": "2020-10-03T12:01:12Z",
            "Premium": {}
        },
        {
            "Country": "Mozambique",
            "CountryCode": "MZ",
            "Slug": "mozambique",
            "NewConfirmed": 91,
            "TotalConfirmed": 8979,
            "NewDeaths": 2,
            "TotalDeaths": 64,
            "NewRecovered": 22,
            "TotalRecovered": 5595,
            "Date": "2020-10-03T12:01:12Z",
            "Premium": {}
        },
        {
            "Country": "Myanmar",
            "CountryCode": "MM",
            "Slug": "myanmar",
            "NewConfirmed": 1142,
            "TotalConfirmed": 15525,
            "NewDeaths": 32,
            "TotalDeaths": 353,
            "NewRecovered": 222,
            "TotalRecovered": 4378,
            "Date": "2020-10-03T12:01:12Z",
            "Premium": {}
        },
        {
            "Country": "Namibia",
            "CountryCode": "NA",
            "Slug": "namibia",
            "NewConfirmed": 107,
            "TotalConfirmed": 11480,
            "NewDeaths": 0,
            "TotalDeaths": 123,
            "NewRecovered": 268,
            "TotalRecovered": 9351,
            "Date": "2020-10-03T12:01:12Z",
            "Premium": {}
        },
        {
            "Country": "Nepal",
            "CountryCode": "NP",
            "Slug": "nepal",
            "NewConfirmed": 2722,
            "TotalConfirmed": 82450,
            "NewDeaths": 11,
            "TotalDeaths": 520,
            "NewRecovered": 3307,
            "TotalRecovered": 60696,
            "Date": "2020-10-03T12:01:12Z",
            "Premium": {}
        },
        {
            "Country": "Netherlands",
            "CountryCode": "NL",
            "Slug": "netherlands",
            "NewConfirmed": 3825,
            "TotalConfirmed": 127922,
            "NewDeaths": 9,
            "TotalDeaths": 6428,
            "NewRecovered": 0,
            "TotalRecovered": 0,
            "Date": "2020-10-03T12:01:12Z",
            "Premium": {}
        },
        {
            "Country": "New Zealand",
            "CountryCode": "NZ",
            "Slug": "new-zealand",
            "NewConfirmed": 1,
            "TotalConfirmed": 1849,
            "NewDeaths": 0,
            "TotalDeaths": 25,
            "NewRecovered": 3,
            "TotalRecovered": 1783,
            "Date": "2020-10-03T12:01:12Z",
            "Premium": {}
        },
        {
            "Country": "Nicaragua",
            "CountryCode": "NI",
            "Slug": "nicaragua",
            "NewConfirmed": 0,
            "TotalConfirmed": 5170,
            "NewDeaths": 0,
            "TotalDeaths": 151,
            "NewRecovered": 0,
            "TotalRecovered": 2913,
            "Date": "2020-10-03T12:01:12Z",
            "Premium": {}
        },
        {
            "Country": "Niger",
            "CountryCode": "NE",
            "Slug": "niger",
            "NewConfirmed": 1,
            "TotalConfirmed": 1198,
            "NewDeaths": 0,
            "TotalDeaths": 69,
            "NewRecovered": 1,
            "TotalRecovered": 1115,
            "Date": "2020-10-03T12:01:12Z",
            "Premium": {}
        },
        {
            "Country": "Nigeria",
            "CountryCode": "NG",
            "Slug": "nigeria",
            "NewConfirmed": 126,
            "TotalConfirmed": 59127,
            "NewDeaths": 0,
            "TotalDeaths": 1112,
            "NewRecovered": 141,
            "TotalRecovered": 50593,
            "Date": "2020-10-03T12:01:12Z",
            "Premium": {}
        },
        {
            "Country": "Norway",
            "CountryCode": "NO",
            "Slug": "norway",
            "NewConfirmed": 135,
            "TotalConfirmed": 14284,
            "NewDeaths": 1,
            "TotalDeaths": 275,
            "NewRecovered": 0,
            "TotalRecovered": 11190,
            "Date": "2020-10-03T12:01:12Z",
            "Premium": {}
        },
        {
            "Country": "Oman",
            "CountryCode": "OM",
            "Slug": "oman",
            "NewConfirmed": 0,
            "TotalConfirmed": 98585,
            "NewDeaths": 0,
            "TotalDeaths": 935,
            "NewRecovered": 0,
            "TotalRecovered": 88528,
            "Date": "2020-10-03T12:01:12Z",
            "Premium": {}
        },
        {
            "Country": "Pakistan",
            "CountryCode": "PK",
            "Slug": "pakistan",
            "NewConfirmed": 553,
            "TotalConfirmed": 313984,
            "NewDeaths": 8,
            "TotalDeaths": 6507,
            "NewRecovered": 538,
            "TotalRecovered": 298593,
            "Date": "2020-10-03T12:01:12Z",
            "Premium": {}
        },
        {
            "Country": "Palestinian Territory",
            "CountryCode": "PS",
            "Slug": "palestine",
            "NewConfirmed": 444,
            "TotalConfirmed": 40766,
            "NewDeaths": 3,
            "TotalDeaths": 321,
            "NewRecovered": 367,
            "TotalRecovered": 32944,
            "Date": "2020-10-03T12:01:12Z",
            "Premium": {}
        },
        {
            "Country": "Panama",
            "CountryCode": "PA",
            "Slug": "panama",
            "NewConfirmed": 620,
            "TotalConfirmed": 113962,
            "NewDeaths": 19,
            "TotalDeaths": 2406,
            "NewRecovered": 869,
            "TotalRecovered": 90772,
            "Date": "2020-10-03T12:01:12Z",
            "Premium": {}
        },
        {
            "Country": "Papua New Guinea",
            "CountryCode": "PG",
            "Slug": "papua-new-guinea",
            "NewConfirmed": 0,
            "TotalConfirmed": 539,
            "NewDeaths": 0,
            "TotalDeaths": 7,
            "NewRecovered": 0,
            "TotalRecovered": 519,
            "Date": "2020-10-03T12:01:12Z",
            "Premium": {}
        },
        {
            "Country": "Paraguay",
            "CountryCode": "PY",
            "Slug": "paraguay",
            "NewConfirmed": 885,
            "TotalConfirmed": 42684,
            "NewDeaths": 21,
            "TotalDeaths": 890,
            "NewRecovered": 636,
            "TotalRecovered": 25803,
            "Date": "2020-10-03T12:01:12Z",
            "Premium": {}
        },
        {
            "Country": "Peru",
            "CountryCode": "PE",
            "Slug": "peru",
            "NewConfirmed": 3468,
            "TotalConfirmed": 818297,
            "NewDeaths": 72,
            "TotalDeaths": 32535,
            "NewRecovered": 0,
            "TotalRecovered": 690528,
            "Date": "2020-10-03T12:01:12Z",
            "Premium": {}
        },
        {
            "Country": "Philippines",
            "CountryCode": "PH",
            "Slug": "philippines",
            "NewConfirmed": 2599,
            "TotalConfirmed": 316678,
            "NewDeaths": 54,
            "TotalDeaths": 5616,
            "NewRecovered": 394,
            "TotalRecovered": 254617,
            "Date": "2020-10-03T12:01:12Z",
            "Premium": {}
        },
        {
            "Country": "Poland",
            "CountryCode": "PL",
            "Slug": "poland",
            "NewConfirmed": 2292,
            "TotalConfirmed": 95773,
            "NewDeaths": 27,
            "TotalDeaths": 2570,
            "NewRecovered": 952,
            "TotalRecovered": 71353,
            "Date": "2020-10-03T12:01:12Z",
            "Premium": {}
        },
        {
            "Country": "Portugal",
            "CountryCode": "PT",
            "Slug": "portugal",
            "NewConfirmed": 888,
            "TotalConfirmed": 77284,
            "NewDeaths": 6,
            "TotalDeaths": 1983,
            "NewRecovered": 422,
            "TotalRecovered": 49359,
            "Date": "2020-10-03T12:01:12Z",
            "Premium": {}
        },
        {
            "Country": "Qatar",
            "CountryCode": "QA",
            "Slug": "qatar",
            "NewConfirmed": 205,
            "TotalConfirmed": 126164,
            "NewDeaths": 1,
            "TotalDeaths": 215,
            "NewRecovered": 197,
            "TotalRecovered": 123108,
            "Date": "2020-10-03T12:01:12Z",
            "Premium": {}
        },
        {
            "Country": "Republic of Kosovo",
            "CountryCode": "XK",
            "Slug": "kosovo",
            "NewConfirmed": 0,
            "TotalConfirmed": 12683,
            "NewDeaths": 0,
            "TotalDeaths": 488,
            "NewRecovered": 0,
            "TotalRecovered": 8788,
            "Date": "2020-10-03T12:01:12Z",
            "Premium": {}
        },
        {
            "Country": "Romania",
            "CountryCode": "RO",
            "Slug": "romania",
            "NewConfirmed": 2343,
            "TotalConfirmed": 132001,
            "NewDeaths": 53,
            "TotalDeaths": 4915,
            "NewRecovered": 1588,
            "TotalRecovered": 105582,
            "Date": "2020-10-03T12:01:12Z",
            "Premium": {}
        },
        {
            "Country": "Russian Federation",
            "CountryCode": "RU",
            "Slug": "russia",
            "NewConfirmed": 9294,
            "TotalConfirmed": 1188928,
            "NewDeaths": 185,
            "TotalDeaths": 20981,
            "NewRecovered": 5995,
            "TotalRecovered": 966724,
            "Date": "2020-10-03T12:01:12Z",
            "Premium": {}
        },
        {
            "Country": "Rwanda",
            "CountryCode": "RW",
            "Slug": "rwanda",
            "NewConfirmed": 4,
            "TotalConfirmed": 4847,
            "NewDeaths": 0,
            "TotalDeaths": 29,
            "NewRecovered": 16,
            "TotalRecovered": 3197,
            "Date": "2020-10-03T12:01:12Z",
            "Premium": {}
        },
        {
            "Country": "Réunion",
            "CountryCode": "RE",
            "Slug": "réunion",
            "NewConfirmed": 0,
            "TotalConfirmed": 0,
            "NewDeaths": 0,
            "TotalDeaths": 0,
            "NewRecovered": 0,
            "TotalRecovered": 0,
            "Date": "2020-10-03T12:01:12Z",
            "Premium": {}
        },
        {
            "Country": "Saint Kitts and Nevis",
            "CountryCode": "KN",
            "Slug": "saint-kitts-and-nevis",
            "NewConfirmed": 0,
            "TotalConfirmed": 19,
            "NewDeaths": 0,
            "TotalDeaths": 0,
            "NewRecovered": 0,
            "TotalRecovered": 17,
            "Date": "2020-10-03T12:01:12Z",
            "Premium": {}
        },
        {
            "Country": "Saint Lucia",
            "CountryCode": "LC",
            "Slug": "saint-lucia",
            "NewConfirmed": 0,
            "TotalConfirmed": 27,
            "NewDeaths": 0,
            "TotalDeaths": 0,
            "NewRecovered": 0,
            "TotalRecovered": 27,
            "Date": "2020-10-03T12:01:12Z",
            "Premium": {}
        },
        {
            "Country": "Saint Vincent and Grenadines",
            "CountryCode": "VC",
            "Slug": "saint-vincent-and-the-grenadines",
            "NewConfirmed": 0,
            "TotalConfirmed": 64,
            "NewDeaths": 0,
            "TotalDeaths": 0,
            "NewRecovered": 0,
            "TotalRecovered": 64,
            "Date": "2020-10-03T12:01:12Z",
            "Premium": {}
        },
        {
            "Country": "San Marino",
            "CountryCode": "SM",
            "Slug": "san-marino",
            "NewConfirmed": 0,
            "TotalConfirmed": 732,
            "NewDeaths": 0,
            "TotalDeaths": 42,
            "NewRecovered": 0,
            "TotalRecovered": 680,
            "Date": "2020-10-03T12:01:12Z",
            "Premium": {}
        },
        {
            "Country": "Sao Tome and Principe",
            "CountryCode": "ST",
            "Slug": "sao-tome-and-principe",
            "NewConfirmed": 0,
            "TotalConfirmed": 911,
            "NewDeaths": 0,
            "TotalDeaths": 15,
            "NewRecovered": 0,
            "TotalRecovered": 886,
            "Date": "2020-10-03T12:01:12Z",
            "Premium": {}
        },
        {
            "Country": "Saudi Arabia",
            "CountryCode": "SA",
            "Slug": "saudi-arabia",
            "NewConfirmed": 481,
            "TotalConfirmed": 335578,
            "NewDeaths": 29,
            "TotalDeaths": 4823,
            "NewRecovered": 602,
            "TotalRecovered": 320348,
            "Date": "2020-10-03T12:01:12Z",
            "Premium": {}
        },
        {
            "Country": "Senegal",
            "CountryCode": "SN",
            "Slug": "senegal",
            "NewConfirmed": 32,
            "TotalConfirmed": 15051,
            "NewDeaths": 1,
            "TotalDeaths": 312,
            "NewRecovered": 156,
            "TotalRecovered": 12694,
            "Date": "2020-10-03T12:01:12Z",
            "Premium": {}
        },
        {
            "Country": "Serbia",
            "CountryCode": "RS",
            "Slug": "serbia",
            "NewConfirmed": 73,
            "TotalConfirmed": 33735,
            "NewDeaths": 1,
            "TotalDeaths": 751,
            "NewRecovered": 0,
            "TotalRecovered": 0,
            "Date": "2020-10-03T12:01:12Z",
            "Premium": {}
        },
        {
            "Country": "Seychelles",
            "CountryCode": "SC",
            "Slug": "seychelles",
            "NewConfirmed": 1,
            "TotalConfirmed": 145,
            "NewDeaths": 0,
            "TotalDeaths": 0,
            "NewRecovered": 0,
            "TotalRecovered": 143,
            "Date": "2020-10-03T12:01:12Z",
            "Premium": {}
        },
        {
            "Country": "Sierra Leone",
            "CountryCode": "SL",
            "Slug": "sierra-leone",
            "NewConfirmed": 14,
            "TotalConfirmed": 2252,
            "NewDeaths": 0,
            "TotalDeaths": 72,
            "NewRecovered": 2,
            "TotalRecovered": 1697,
            "Date": "2020-10-03T12:01:12Z",
            "Premium": {}
        },
        {
            "Country": "Singapore",
            "CountryCode": "SG",
            "Slug": "singapore",
            "NewConfirmed": 10,
            "TotalConfirmed": 57794,
            "NewDeaths": 0,
            "TotalDeaths": 27,
            "NewRecovered": 22,
            "TotalRecovered": 57534,
            "Date": "2020-10-03T12:01:12Z",
            "Premium": {}
        },
        {
            "Country": "Slovakia",
            "CountryCode": "SK",
            "Slug": "slovakia",
            "NewConfirmed": 679,
            "TotalConfirmed": 11617,
            "NewDeaths": 6,
            "TotalDeaths": 54,
            "NewRecovered": 136,
            "TotalRecovered": 4756,
            "Date": "2020-10-03T12:01:12Z",
            "Premium": {}
        },
        {
            "Country": "Slovenia",
            "CountryCode": "SI",
            "Slug": "slovenia",
            "NewConfirmed": 238,
            "TotalConfirmed": 6103,
            "NewDeaths": 2,
            "TotalDeaths": 154,
            "NewRecovered": 135,
            "TotalRecovered": 4041,
            "Date": "2020-10-03T12:01:12Z",
            "Premium": {}
        },
        {
            "Country": "Somalia",
            "CountryCode": "SO",
            "Slug": "somalia",
            "NewConfirmed": 0,
            "TotalConfirmed": 3593,
            "NewDeaths": 0,
            "TotalDeaths": 99,
            "NewRecovered": 0,
            "TotalRecovered": 3001,
            "Date": "2020-10-03T12:01:12Z",
            "Premium": {}
        },
        {
            "Country": "South Africa",
            "CountryCode": "ZA",
            "Slug": "south-africa",
            "NewConfirmed": 1749,
            "TotalConfirmed": 677833,
            "NewDeaths": 43,
            "TotalDeaths": 16909,
            "NewRecovered": 1460,
            "TotalRecovered": 611044,
            "Date": "2020-10-03T12:01:12Z",
            "Premium": {}
        },
        {
            "Country": "South Sudan",
            "CountryCode": "SS",
            "Slug": "south-sudan",
            "NewConfirmed": 11,
            "TotalConfirmed": 2715,
            "NewDeaths": 1,
            "TotalDeaths": 50,
            "NewRecovered": 0,
            "TotalRecovered": 1290,
            "Date": "2020-10-03T12:01:12Z",
            "Premium": {}
        },
        {
            "Country": "Spain",
            "CountryCode": "ES",
            "Slug": "spain",
            "NewConfirmed": 11325,
            "TotalConfirmed": 789932,
            "NewDeaths": 113,
            "TotalDeaths": 32086,
            "NewRecovered": 0,
            "TotalRecovered": 150376,
            "Date": "2020-10-03T12:01:12Z",
            "Premium": {}
        },
        {
            "Country": "Sri Lanka",
            "CountryCode": "LK",
            "Slug": "sri-lanka",
            "NewConfirmed": 6,
            "TotalConfirmed": 3388,
            "NewDeaths": 0,
            "TotalDeaths": 13,
            "NewRecovered": 12,
            "TotalRecovered": 3245,
            "Date": "2020-10-03T12:01:12Z",
            "Premium": {}
        },
        {
            "Country": "Sudan",
            "CountryCode": "SD",
            "Slug": "sudan",
            "NewConfirmed": 0,
            "TotalConfirmed": 13653,
            "NewDeaths": 0,
            "TotalDeaths": 836,
            "NewRecovered": 0,
            "TotalRecovered": 6764,
            "Date": "2020-10-03T12:01:12Z",
            "Premium": {}
        },
        {
            "Country": "Suriname",
            "CountryCode": "SR",
            "Slug": "suriname",
            "NewConfirmed": 8,
            "TotalConfirmed": 4899,
            "NewDeaths": 0,
            "TotalDeaths": 105,
            "NewRecovered": 13,
            "TotalRecovered": 4715,
            "Date": "2020-10-03T12:01:12Z",
            "Premium": {}
        },
        {
            "Country": "Swaziland",
            "CountryCode": "SZ",
            "Slug": "swaziland",
            "NewConfirmed": 21,
            "TotalConfirmed": 5521,
            "NewDeaths": 0,
            "TotalDeaths": 111,
            "NewRecovered": 61,
            "TotalRecovered": 5061,
            "Date": "2020-10-03T12:01:12Z",
            "Premium": {}
        },
        {
            "Country": "Sweden",
            "CountryCode": "SE",
            "Slug": "sweden",
            "NewConfirmed": 668,
            "TotalConfirmed": 94283,
            "NewDeaths": 2,
            "TotalDeaths": 5895,
            "NewRecovered": 0,
            "TotalRecovered": 0,
            "Date": "2020-10-03T12:01:12Z",
            "Premium": {}
        },
        {
            "Country": "Switzerland",
            "CountryCode": "CH",
            "Slug": "switzerland",
            "NewConfirmed": 552,
            "TotalConfirmed": 54384,
            "NewDeaths": 1,
            "TotalDeaths": 2075,
            "NewRecovered": 500,
            "TotalRecovered": 45800,
            "Date": "2020-10-03T12:01:12Z",
            "Premium": {}
        },
        {
            "Country": "Syrian Arab Republic (Syria)",
            "CountryCode": "SY",
            "Slug": "syria",
            "NewConfirmed": 42,
            "TotalConfirmed": 4289,
            "NewDeaths": 1,
            "TotalDeaths": 203,
            "NewRecovered": 13,
            "TotalRecovered": 1130,
            "Date": "2020-10-03T12:01:12Z",
            "Premium": {}
        },
        {
            "Country": "Taiwan, Republic of China",
            "CountryCode": "TW",
            "Slug": "taiwan",
            "NewConfirmed": 2,
            "TotalConfirmed": 517,
            "NewDeaths": 0,
            "TotalDeaths": 7,
            "NewRecovered": 0,
            "TotalRecovered": 484,
            "Date": "2020-10-03T12:01:12Z",
            "Premium": {}
        },
        {
            "Country": "Tajikistan",
            "CountryCode": "TJ",
            "Slug": "tajikistan",
            "NewConfirmed": 41,
            "TotalConfirmed": 9852,
            "NewDeaths": 0,
            "TotalDeaths": 77,
            "NewRecovered": 44,
            "TotalRecovered": 8661,
            "Date": "2020-10-03T12:01:12Z",
            "Premium": {}
        },
        {
            "Country": "Tanzania, United Republic of",
            "CountryCode": "TZ",
            "Slug": "tanzania",
            "NewConfirmed": 0,
            "TotalConfirmed": 509,
            "NewDeaths": 0,
            "TotalDeaths": 21,
            "NewRecovered": 0,
            "TotalRecovered": 183,
            "Date": "2020-10-03T12:01:12Z",
            "Premium": {}
        },
        {
            "Country": "Thailand",
            "CountryCode": "TH",
            "Slug": "thailand",
            "NewConfirmed": 8,
            "TotalConfirmed": 3583,
            "NewDeaths": 0,
            "TotalDeaths": 59,
            "NewRecovered": 2,
            "TotalRecovered": 3386,
            "Date": "2020-10-03T12:01:12Z",
            "Premium": {}
        },
        {
            "Country": "Timor-Leste",
            "CountryCode": "TL",
            "Slug": "timor-leste",
            "NewConfirmed": 0,
            "TotalConfirmed": 28,
            "NewDeaths": 0,
            "TotalDeaths": 0,
            "NewRecovered": 0,
            "TotalRecovered": 28,
            "Date": "2020-10-03T12:01:12Z",
            "Premium": {}
        },
        {
            "Country": "Togo",
            "CountryCode": "TG",
            "Slug": "togo",
            "NewConfirmed": 9,
            "TotalConfirmed": 1818,
            "NewDeaths": 0,
            "TotalDeaths": 48,
            "NewRecovered": 12,
            "TotalRecovered": 1365,
            "Date": "2020-10-03T12:01:12Z",
            "Premium": {}
        },
        {
            "Country": "Trinidad and Tobago",
            "CountryCode": "TT",
            "Slug": "trinidad-and-tobago",
            "NewConfirmed": 59,
            "TotalConfirmed": 4629,
            "NewDeaths": 0,
            "TotalDeaths": 76,
            "NewRecovered": 100,
            "TotalRecovered": 2729,
            "Date": "2020-10-03T12:01:12Z",
            "Premium": {}
        },
        {
            "Country": "Tunisia",
            "CountryCode": "TN",
            "Slug": "tunisia",
            "NewConfirmed": 1308,
            "TotalConfirmed": 19721,
            "NewDeaths": 6,
            "TotalDeaths": 271,
            "NewRecovered": 0,
            "TotalRecovered": 5032,
            "Date": "2020-10-03T12:01:12Z",
            "Premium": {}
        },
        {
            "Country": "Turkey",
            "CountryCode": "TR",
            "Slug": "turkey",
            "NewConfirmed": 1442,
            "TotalConfirmed": 321512,
            "NewDeaths": 63,
            "TotalDeaths": 8325,
            "NewRecovered": 1506,
            "TotalRecovered": 282657,
            "Date": "2020-10-03T12:01:12Z",
            "Premium": {}
        },
        {
            "Country": "Uganda",
            "CountryCode": "UG",
            "Slug": "uganda",
            "NewConfirmed": 204,
            "TotalConfirmed": 8491,
            "NewDeaths": 4,
            "TotalDeaths": 79,
            "NewRecovered": 40,
            "TotalRecovered": 4470,
            "Date": "2020-10-03T12:01:12Z",
            "Premium": {}
        },
        {
            "Country": "Ukraine",
            "CountryCode": "UA",
            "Slug": "ukraine",
            "NewConfirmed": 4751,
            "TotalConfirmed": 223376,
            "NewDeaths": 69,
            "TotalDeaths": 4357,
            "NewRecovered": 2207,
            "TotalRecovered": 100163,
            "Date": "2020-10-03T12:01:12Z",
            "Premium": {}
        },
        {
            "Country": "United Arab Emirates",
            "CountryCode": "AE",
            "Slug": "united-arab-emirates",
            "NewConfirmed": 1181,
            "TotalConfirmed": 96529,
            "NewDeaths": 3,
            "TotalDeaths": 424,
            "NewRecovered": 1168,
            "TotalRecovered": 86071,
            "Date": "2020-10-03T12:01:12Z",
            "Premium": {}
        },
        {
            "Country": "United Kingdom",
            "CountryCode": "GB",
            "Slug": "united-kingdom",
            "NewConfirmed": 6994,
            "TotalConfirmed": 469769,
            "NewDeaths": 66,
            "TotalDeaths": 42358,
            "NewRecovered": 6,
            "TotalRecovered": 2389,
            "Date": "2020-10-03T12:01:12Z",
            "Premium": {}
        },
        {
            "Country": "United States of America",
            "CountryCode": "US",
            "Slug": "united-states",
            "NewConfirmed": 54441,
            "TotalConfirmed": 7332200,
            "NewDeaths": 906,
            "TotalDeaths": 208695,
            "NewRecovered": 12719,
            "TotalRecovered": 2873369,
            "Date": "2020-10-03T12:01:12Z",
            "Premium": {}
        },
        {
            "Country": "Uruguay",
            "CountryCode": "UY",
            "Slug": "uruguay",
            "NewConfirmed": 36,
            "TotalConfirmed": 2097,
            "NewDeaths": 0,
            "TotalDeaths": 48,
            "NewRecovered": 15,
            "TotalRecovered": 1824,
            "Date": "2020-10-03T12:01:12Z",
            "Premium": {}
        },
        {
            "Country": "Uzbekistan",
            "CountryCode": "UZ",
            "Slug": "uzbekistan",
            "NewConfirmed": 264,
            "TotalConfirmed": 57454,
            "NewDeaths": 1,
            "TotalDeaths": 472,
            "NewRecovered": 120,
            "TotalRecovered": 53955,
            "Date": "2020-10-03T12:01:12Z",
            "Premium": {}
        },
        {
            "Country": "Venezuela (Bolivarian Republic)",
            "CountryCode": "VE",
            "Slug": "venezuela",
            "NewConfirmed": 791,
            "TotalConfirmed": 76820,
            "NewDeaths": 8,
            "TotalDeaths": 643,
            "NewRecovered": 971,
            "TotalRecovered": 67216,
            "Date": "2020-10-03T12:01:12Z",
            "Premium": {}
        },
        {
            "Country": "Viet Nam",
            "CountryCode": "VN",
            "Slug": "vietnam",
            "NewConfirmed": 1,
            "TotalConfirmed": 1096,
            "NewDeaths": 0,
            "TotalDeaths": 35,
            "NewRecovered": 10,
            "TotalRecovered": 1020,
            "Date": "2020-10-03T12:01:12Z",
            "Premium": {}
        },
        {
            "Country": "Western Sahara",
            "CountryCode": "EH",
            "Slug": "western-sahara",
            "NewConfirmed": 0,
            "TotalConfirmed": 10,
            "NewDeaths": 0,
            "TotalDeaths": 1,
            "NewRecovered": 0,
            "TotalRecovered": 8,
            "Date": "2020-10-03T12:01:12Z",
            "Premium": {}
        },
        {
            "Country": "Yemen",
            "CountryCode": "YE",
            "Slug": "yemen",
            "NewConfirmed": 1,
            "TotalConfirmed": 2040,
            "NewDeaths": 2,
            "TotalDeaths": 589,
            "NewRecovered": 10,
            "TotalRecovered": 1307,
            "Date": "2020-10-03T12:01:12Z",
            "Premium": {}
        },
        {
            "Country": "Zambia",
            "CountryCode": "ZM",
            "Slug": "zambia",
            "NewConfirmed": 28,
            "TotalConfirmed": 14830,
            "NewDeaths": 0,
            "TotalDeaths": 333,
            "NewRecovered": 19,
            "TotalRecovered": 13980,
            "Date": "2020-10-03T12:01:12Z",
            "Premium": {}
        },
        {
            "Country": "Zimbabwe",
            "CountryCode": "ZW",
            "Slug": "zimbabwe",
            "NewConfirmed": 8,
            "TotalConfirmed": 7858,
            "NewDeaths": 0,
            "TotalDeaths": 228,
            "NewRecovered": 10,
            "TotalRecovered": 6322,
            "Date": "2020-10-03T12:01:12Z",
            "Premium": {}
        }
    ],
    "Date": "2020-10-03T12:01:12Z"
}
